BARKING AND DAGENHAM;East London;*
BARNET;North London;*
BEXLEY;East London;*
BRENT;West London;*
BROMLEY;South London;*
CAMDEN;Central London;*
CITY OF LONDON;Central London;*
CITY OF WESTMINSTER;Central London;*
CROYDON;South London;*
EALING;West London;*
ENFIELD;North London;*
GREENWICH;East London;*
HACKNEY;East London;*
HAMMERSMITH AND FULHAM;West London;*
HARINGEY;North London;*
HARROW;West London;*
HAVERING;East London;*
HOUNSLOW;West London;*
ISLINGTON;Central London;*
KENSINGTON AND CHELSEA;Central London;*
KINGSTON UPON THAMES;South London;*
LAMBETH;Central London;*
LEWISHAM;East London;*
MERTON;South London;*
NEWHAM;East London;*
REDBRIDGE;East London;*
RICHMOND UPON THAMES;South London;*
SOUTHWARK;Central London;*
TOWER HAMLETS;East London;*
WALTHAM FOREST;East London;*
WANDSWORTH;South London;*
